date,year,month,day,day_of_week,is_weekend
2025-01-01,2025,1,1,3,0
2025-01-02,2025,1,2,4,0
2025-01-03,2025,1,3,5,0
2025-01-04,2025,1,4,6,1
2025-01-05,2025,1,5,7,1
2025-01-06,2025,1,6,1,0
2025-01-07,2025,1,7,2,0
2025-01-08,2025,1,8,3,0
2025-01-09,2025,1,9,4,0
2025-01-10,2025,1,10,5,0
2025-01-11,2025,1,11,6,1
2025-01-12,2025,1,12,7,1
2025-01-13,2025,1,13,1,0
2025-01-14,2025,1,14,2,0
2025-01-15,2025,1,15,3,0
2025-01-16,2025,1,16,4,0
2025-01-17,2025,1,17,5,0
2025-01-18,2025,1,18,6,1
2025-01-19,2025,1,19,7,1
2025-01-20,2025,1,20,1,0
2025-01-21,2025,1,21,2,0
2025-01-22,2025,1,22,3,0
2025-01-23,2025,1,23,4,0
2025-01-24,2025,1,24,5,0
2025-01-25,2025,1,25,6,1
2025-01-26,2025,1,26,7,1
2025-01-27,2025,1,27,1,0
2025-01-28,2025,1,28,2,0
2025-01-29,2025,1,29,3,0
2025-01-30,2025,1,30,4,0
2025-01-31,2025,1,31,5,0
2025-02-01,2025,2,1,6,1
2025-02-02,2025,2,2,7,1
2025-02-03,2025,2,3,1,0
2025-02-04,2025,2,4,2,0
2025-02-05,2025,2,5,3,0
2025-02-06,2025,2,6,4,0
2025-02-07,2025,2,7,5,0
2025-02-08,2025,2,8,6,1
2025-02-09,2025,2,9,7,1
2025-02-10,2025,2,10,1,0
2025-02-11,2025,2,11,2,0
2025-02-12,2025,2,12,3,0
2025-02-13,2025,2,13,4,0
2025-02-14,2025,2,14,5,0
2025-02-15,2025,2,15,6,1
2025-02-16,2025,2,16,7,1
2025-02-17,2025,2,17,1,0
2025-02-18,2025,2,18,2,0
2025-02-19,2025,2,19,3,0
2025-02-20,2025,2,20,4,0
2025-02-21,2025,2,21,5,0
2025-02-22,2025,2,22,6,1
2025-02-23,2025,2,23,7,1
2025-02-24,2025,2,24,1,0
2025-02-25,2025,2,25,2,0
2025-02-26,2025,2,26,3,0
2025-02-27,2025,2,27,4,0
2025-02-28,2025,2,28,5,0
2025-03-01,2025,3,1,6,1
2025-03-02,2025,3,2,7,1
2025-03-03,2025,3,3,1,0
2025-03-04,2025,3,4,2,0
2025-03-05,2025,3,5,3,0
2025-03-06,2025,3,6,4,0
2025-03-07,2025,3,7,5,0
2025-03-08,2025,3,8,6,1
2025-03-09,2025,3,9,7,1
2025-03-10,2025,3,10,1,0
2025-03-11,2025,3,11,2,0
2025-03-12,2025,3,12,3,0
2025-03-13,2025,3,13,4,0
2025-03-14,2025,3,14,5,0
2025-03-15,2025,3,15,6,1
2025-03-16,2025,3,16,7,1
2025-03-17,2025,3,17,1,0
2025-03-18,2025,3,18,2,0
2025-03-19,2025,3,19,3,0
2025-03-20,2025,3,20,4,0
2025-03-21,2025,3,21,5,0
2025-03-22,2025,3,22,6,1
2025-03-23,2025,3,23,7,1
2025-03-24,2025,3,24,1,0
2025-03-25,2025,3,25,2,0
2025-03-26,2025,3,26,3,0
2025-03-27,2025,3,27,4,0
2025-03-28,2025,3,28,5,0
2025-03-29,2025,3,29,6,1
2025-03-30,2025,3,30,7,1
2025-03-31,2025,3,31,1,0
2025-04-01,2025,4,1,2,0
2025-04-02,2025,4,2,3,0
2025-04-03,2025,4,3,4,0
2025-04-04,2025,4,4,5,0
2025-04-05,2025,4,5,6,1
2025-04-06,2025,4,6,7,1
2025-04-07,2025,4,7,1,0
2025-04-08,2025,4,8,2,0
2025-04-09,2025,4,9,3,0
2025-04-10,2025,4,10,4,0
2025-04-11,2025,4,11,5,0
2025-04-12,2025,4,12,6,1
2025-04-13,2025,4,13,7,1
2025-04-14,2025,4,14,1,0
2025-04-15,2025,4,15,2,0
2025-04-16,2025,4,16,3,0
2025-04-17,2025,4,17,4,0
2025-04-18,2025,4,18,5,0
2025-04-19,2025,4,19,6,1
2025-04-20,2025,4,20,7,1
2025-04-21,2025,4,21,1,0
2025-04-22,2025,4,22,2,0
2025-04-23,2025,4,23,3,0
2025-04-24,2025,4,24,4,0
2025-04-25,2025,4,25,5,0
2025-04-26,2025,4,26,6,1
2025-04-27,2025,4,27,7,1
2025-04-28,2025,4,28,1,0
2025-04-29,2025,4,29,2,0
2025-04-30,2025,4,30,3,0
2025-05-01,2025,5,1,4,0
2025-05-02,2025,5,2,5,0
2025-05-03,2025,5,3,6,1
2025-05-04,2025,5,4,7,1
2025-05-05,2025,5,5,1,0
2025-05-06,2025,5,6,2,0
2025-05-07,2025,5,7,3,0
2025-05-08,2025,5,8,4,0
2025-05-09,2025,5,9,5,0
2025-05-10,2025,5,10,6,1
2025-05-11,2025,5,11,7,1
2025-05-12,2025,5,12,1,0
2025-05-13,2025,5,13,2,0
2025-05-14,2025,5,14,3,0
2025-05-15,2025,5,15,4,0
2025-05-16,2025,5,16,5,0
2025-05-17,2025,5,17,6,1
2025-05-18,2025,5,18,7,1
2025-05-19,2025,5,19,1,0
2025-05-20,2025,5,20,2,0
2025-05-21,2025,5,21,3,0
2025-05-22,2025,5,22,4,0
2025-05-23,2025,5,23,5,0
2025-05-24,2025,5,24,6,1
2025-05-25,2025,5,25,7,1
2025-05-26,2025,5,26,1,0
2025-05-27,2025,5,27,2,0
2025-05-28,2025,5,28,3,0
2025-05-29,2025,5,29,4,0
2025-05-30,2025,5,30,5,0
2025-05-31,2025,5,31,6,1
2025-06-01,2025,6,1,7,1
2025-06-02,2025,6,2,1,0
2025-06-03,2025,6,3,2,0
2025-06-04,2025,6,4,3,0
2025-06-05,2025,6,5,4,0
2025-06-06,2025,6,6,5,0
2025-06-07,2025,6,7,6,1
2025-06-08,2025,6,8,7,1
2025-06-09,2025,6,9,1,0
2025-06-10,2025,6,10,2,0
2025-06-11,2025,6,11,3,0
2025-06-12,2025,6,12,4,0
2025-06-13,2025,6,13,5,0
2025-06-14,2025,6,14,6,1
2025-06-15,2025,6,15,7,1
2025-06-16,2025,6,16,1,0
2025-06-17,2025,6,17,2,0
2025-06-18,2025,6,18,3,0
2025-06-19,2025,6,19,4,0
2025-06-20,2025,6,20,5,0
2025-06-21,2025,6,21,6,1
2025-06-22,2025,6,22,7,1
2025-06-23,2025,6,23,1,0
2025-06-24,2025,6,24,2,0
2025-06-25,2025,6,25,3,0
2025-06-26,2025,6,26,4,0
2025-06-27,2025,6,27,5,0
2025-06-28,2025,6,28,6,1
2025-06-29,2025,6,29,7,1
2025-06-30,2025,6,30,1,0
2025-07-01,2025,7,1,2,0
2025-07-02,2025,7,2,3,0
2025-07-03,2025,7,3,4,0
2025-07-04,2025,7,4,5,0
2025-07-05,2025,7,5,6,1
2025-07-06,2025,7,6,7,1
2025-07-07,2025,7,7,1,0
2025-07-08,2025,7,8,2,0
2025-07-09,2025,7,9,3,0
2025-07-10,2025,7,10,4,0
2025-07-11,2025,7,11,5,0
2025-07-12,2025,7,12,6,1
2025-07-13,2025,7,13,7,1
2025-07-14,2025,7,14,1,0
2025-07-15,2025,7,15,2,0
2025-07-16,2025,7,16,3,0
2025-07-17,2025,7,17,4,0
2025-07-18,2025,7,18,5,0
2025-07-19,2025,7,19,6,1
2025-07-20,2025,7,20,7,1
2025-07-21,2025,7,21,1,0
2025-07-22,2025,7,22,2,0
2025-07-23,2025,7,23,3,0
2025-07-24,2025,7,24,4,0
2025-07-25,2025,7,25,5,0
2025-07-26,2025,7,26,6,1
2025-07-27,2025,7,27,7,1
2025-07-28,2025,7,28,1,0
2025-07-29,2025,7,29,2,0
2025-07-30,2025,7,30,3,0
2025-07-31,2025,7,31,4,0
2025-08-01,2025,8,1,5,0
2025-08-02,2025,8,2,6,1
2025-08-03,2025,8,3,7,1
2025-08-04,2025,8,4,1,0
2025-08-05,2025,8,5,2,0
2025-08-06,2025,8,6,3,0
2025-08-07,2025,8,7,4,0
2025-08-08,2025,8,8,5,0
2025-08-09,2025,8,9,6,1
2025-08-10,2025,8,10,7,1
2025-08-11,2025,8,11,1,0
2025-08-12,2025,8,12,2,0
2025-08-13,2025,8,13,3,0
2025-08-14,2025,8,14,4,0
2025-08-15,2025,8,15,5,0
2025-08-16,2025,8,16,6,1
2025-08-17,2025,8,17,7,1
2025-08-18,2025,8,18,1,0
2025-08-19,2025,8,19,2,0
2025-08-20,2025,8,20,3,0
2025-08-21,2025,8,21,4,0
2025-08-22,2025,8,22,5,0
2025-08-23,2025,8,23,6,1
2025-08-24,2025,8,24,7,1
2025-08-25,2025,8,25,1,0
2025-08-26,2025,8,26,2,0
2025-08-27,2025,8,27,3,0
2025-08-28,2025,8,28,4,0
2025-08-29,2025,8,29,5,0
2025-08-30,2025,8,30,6,1
2025-08-31,2025,8,31,7,1
2025-09-01,2025,9,1,1,0
2025-09-02,2025,9,2,2,0
2025-09-03,2025,9,3,3,0
2025-09-04,2025,9,4,4,0
2025-09-05,2025,9,5,5,0
2025-09-06,2025,9,6,6,1
2025-09-07,2025,9,7,7,1
2025-09-08,2025,9,8,1,0
2025-09-09,2025,9,9,2,0
2025-09-10,2025,9,10,3,0
2025-09-11,2025,9,11,4,0
2025-09-12,2025,9,12,5,0
2025-09-13,2025,9,13,6,1
2025-09-14,2025,9,14,7,1
2025-09-15,2025,9,15,1,0
2025-09-16,2025,9,16,2,0
2025-09-17,2025,9,17,3,0
2025-09-18,2025,9,18,4,0
2025-09-19,2025,9,19,5,0
2025-09-20,2025,9,20,6,1
2025-09-21,2025,9,21,7,1
2025-09-22,2025,9,22,1,0
2025-09-23,2025,9,23,2,0
2025-09-24,2025,9,24,3,0
2025-09-25,2025,9,25,4,0
2025-09-26,2025,9,26,5,0
2025-09-27,2025,9,27,6,1
2025-09-28,2025,9,28,7,1
2025-09-29,2025,9,29,1,0
2025-09-30,2025,9,30,2,0
2025-10-01,2025,10,1,3,0
2025-10-02,2025,10,2,4,0
2025-10-03,2025,10,3,5,0
2025-10-04,2025,10,4,6,1
2025-10-05,2025,10,5,7,1
2025-10-06,2025,10,6,1,0
2025-10-07,2025,10,7,2,0
2025-10-08,2025,10,8,3,0
2025-10-09,2025,10,9,4,0
2025-10-10,2025,10,10,5,0
2025-10-11,2025,10,11,6,1
2025-10-12,2025,10,12,7,1
2025-10-13,2025,10,13,1,0
2025-10-14,2025,10,14,2,0
2025-10-15,2025,10,15,3,0
2025-10-16,2025,10,16,4,0
2025-10-17,2025,10,17,5,0
2025-10-18,2025,10,18,6,1
2025-10-19,2025,10,19,7,1
2025-10-20,2025,10,20,1,0
2025-10-21,2025,10,21,2,0
2025-10-22,2025,10,22,3,0
2025-10-23,2025,10,23,4,0
2025-10-24,2025,10,24,5,0
2025-10-25,2025,10,25,6,1
2025-10-26,2025,10,26,7,1
2025-10-27,2025,10,27,1,0
2025-10-28,2025,10,28,2,0
2025-10-29,2025,10,29,3,0
2025-10-30,2025,10,30,4,0
2025-10-31,2025,10,31,5,0
2025-11-01,2025,11,1,6,1
2025-11-02,2025,11,2,7,1
2025-11-03,2025,11,3,1,0
2025-11-04,2025,11,4,2,0
2025-11-05,2025,11,5,3,0
2025-11-06,2025,11,6,4,0
2025-11-07,2025,11,7,5,0
2025-11-08,2025,11,8,6,1
2025-11-09,2025,11,9,7,1
2025-11-10,2025,11,10,1,0
2025-11-11,2025,11,11,2,0
2025-11-12,2025,11,12,3,0
2025-11-13,2025,11,13,4,0
2025-11-14,2025,11,14,5,0
2025-11-15,2025,11,15,6,1
2025-11-16,2025,11,16,7,1
2025-11-17,2025,11,17,1,0
2025-11-18,2025,11,18,2,0
2025-11-19,2025,11,19,3,0
2025-11-20,2025,11,20,4,0
2025-11-21,2025,11,21,5,0
2025-11-22,2025,11,22,6,1
2025-11-23,2025,11,23,7,1
2025-11-24,2025,11,24,1,0
2025-11-25,2025,11,25,2,0
2025-11-26,2025,11,26,3,0
2025-11-27,2025,11,27,4,0
2025-11-28,2025,11,28,5,0
2025-11-29,2025,11,29,6,1
2025-11-30,2025,11,30,7,1
2025-12-01,2025,12,1,1,0
2025-12-02,2025,12,2,2,0
2025-12-03,2025,12,3,3,0
2025-12-04,2025,12,4,4,0
2025-12-05,2025,12,5,5,0
2025-12-06,2025,12,6,6,1
2025-12-07,2025,12,7,7,1
2025-12-08,2025,12,8,1,0
2025-12-09,2025,12,9,2,0
2025-12-10,2025,12,10,3,0
2025-12-11,2025,12,11,4,0
2025-12-12,2025,12,12,5,0
2025-12-13,2025,12,13,6,1
2025-12-14,2025,12,14,7,1
2025-12-15,2025,12,15,1,0
2025-12-16,2025,12,16,2,0
2025-12-17,2025,12,17,3,0
2025-12-18,2025,12,18,4,0
2025-12-19,2025,12,19,5,0
2025-12-20,2025,12,20,6,1
2025-12-21,2025,12,21,7,1
2025-12-22,2025,12,22,1,0
2025-12-23,2025,12,23,2,0
2025-12-24,2025,12,24,3,0
2025-12-25,2025,12,25,4,0
2025-12-26,2025,12,26,5,0
2025-12-27,2025,12,27,6,1
2025-12-28,2025,12,28,7,1
2025-12-29,2025,12,29,1,0
2025-12-30,2025,12,30,2,0
2025-12-31,2025,12,31,3,0
2026-01-01,2026,1,1,4,0
2026-01-02,2026,1,2,5,0
2026-01-03,2026,1,3,6,1
2026-01-04,2026,1,4,7,1
2026-01-05,2026,1,5,1,0
2026-01-06,2026,1,6,2,0
2026-01-07,2026,1,7,3,0
2026-01-08,2026,1,8,4,0
2026-01-09,2026,1,9,5,0
2026-01-10,2026,1,10,6,1
2026-01-11,2026,1,11,7,1
2026-01-12,2026,1,12,1,0
2026-01-13,2026,1,13,2,0
2026-01-14,2026,1,14,3,0
2026-01-15,2026,1,15,4,0
2026-01-16,2026,1,16,5,0
2026-01-17,2026,1,17,6,1
2026-01-18,2026,1,18,7,1
2026-01-19,2026,1,19,1,0
2026-01-20,2026,1,20,2,0
2026-01-21,2026,1,21,3,0
2026-01-22,2026,1,22,4,0
2026-01-23,2026,1,23,5,0
2026-01-24,2026,1,24,6,1
2026-01-25,2026,1,25,7,1
2026-01-26,2026,1,26,1,0
2026-01-27,2026,1,27,2,0
2026-01-28,2026,1,28,3,0
2026-01-29,2026,1,29,4,0
2026-01-30,2026,1,30,5,0
2026-01-31,2026,1,31,6,1
2026-02-01,2026,2,1,7,1
2026-02-02,2026,2,2,1,0
2026-02-03,2026,2,3,2,0
2026-02-04,2026,2,4,3,0
2026-02-05,2026,2,5,4,0
2026-02-06,2026,2,6,5,0
2026-02-07,2026,2,7,6,1
2026-02-08,2026,2,8,7,1
2026-02-09,2026,2,9,1,0
2026-02-10,2026,2,10,2,0
2026-02-11,2026,2,11,3,0
2026-02-12,2026,2,12,4,0
2026-02-13,2026,2,13,5,0
2026-02-14,2026,2,14,6,1
2026-02-15,2026,2,15,7,1
2026-02-16,2026,2,16,1,0
2026-02-17,2026,2,17,2,0
2026-02-18,2026,2,18,3,0
2026-02-19,2026,2,19,4,0
2026-02-20,2026,2,20,5,0
2026-02-21,2026,2,21,6,1
2026-02-22,2026,2,22,7,1
2026-02-23,2026,2,23,1,0
2026-02-24,2026,2,24,2,0
2026-02-25,2026,2,25,3,0
2026-02-26,2026,2,26,4,0
2026-02-27,2026,2,27,5,0
2026-02-28,2026,2,28,6,1
2026-03-01,2026,3,1,7,1
2026-03-02,2026,3,2,1,0
2026-03-03,2026,3,3,2,0
2026-03-04,2026,3,4,3,0
2026-03-05,2026,3,5,4,0
2026-03-06,2026,3,6,5,0
2026-03-07,2026,3,7,6,1
2026-03-08,2026,3,8,7,1
2026-03-09,2026,3,9,1,0
2026-03-10,2026,3,10,2,0
2026-03-11,2026,3,11,3,0
2026-03-12,2026,3,12,4,0
2026-03-13,2026,3,13,5,0
2026-03-14,2026,3,14,6,1
2026-03-15,2026,3,15,7,1
2026-03-16,2026,3,16,1,0
2026-03-17,2026,3,17,2,0
2026-03-18,2026,3,18,3,0
2026-03-19,2026,3,19,4,0
2026-03-20,2026,3,20,5,0
2026-03-21,2026,3,21,6,1
2026-03-22,2026,3,22,7,1
2026-03-23,2026,3,23,1,0
2026-03-24,2026,3,24,2,0
2026-03-25,2026,3,25,3,0
2026-03-26,2026,3,26,4,0
2026-03-27,2026,3,27,5,0
2026-03-28,2026,3,28,6,1
2026-03-29,2026,3,29,7,1
2026-03-30,2026,3,30,1,0
2026-03-31,2026,3,31,2,0
2026-04-01,2026,4,1,3,0
2026-04-02,2026,4,2,4,0
2026-04-03,2026,4,3,5,0
2026-04-04,2026,4,4,6,1
2026-04-05,2026,4,5,7,1
2026-04-06,2026,4,6,1,0
2026-04-07,2026,4,7,2,0
2026-04-08,2026,4,8,3,0
2026-04-09,2026,4,9,4,0
2026-04-10,2026,4,10,5,0
2026-04-11,2026,4,11,6,1
2026-04-12,2026,4,12,7,1
2026-04-13,2026,4,13,1,0
2026-04-14,2026,4,14,2,0
2026-04-15,2026,4,15,3,0
2026-04-16,2026,4,16,4,0
2026-04-17,2026,4,17,5,0
2026-04-18,2026,4,18,6,1
2026-04-19,2026,4,19,7,1
2026-04-20,2026,4,20,1,0
2026-04-21,2026,4,21,2,0
2026-04-22,2026,4,22,3,0
2026-04-23,2026,4,23,4,0
2026-04-24,2026,4,24,5,0
2026-04-25,2026,4,25,6,1
2026-04-26,2026,4,26,7,1
2026-04-27,2026,4,27,1,0
2026-04-28,2026,4,28,2,0
2026-04-29,2026,4,29,3,0
2026-04-30,2026,4,30,4,0
2026-05-01,2026,5,1,5,0
2026-05-02,2026,5,2,6,1
2026-05-03,2026,5,3,7,1
2026-05-04,2026,5,4,1,0
2026-05-05,2026,5,5,2,0
2026-05-06,2026,5,6,3,0
2026-05-07,2026,5,7,4,0
2026-05-08,2026,5,8,5,0
2026-05-09,2026,5,9,6,1
2026-05-10,2026,5,10,7,1
2026-05-11,2026,5,11,1,0
2026-05-12,2026,5,12,2,0
2026-05-13,2026,5,13,3,0
2026-05-14,2026,5,14,4,0
2026-05-15,2026,5,15,5,0
2026-05-16,2026,5,16,6,1
2026-05-17,2026,5,17,7,1
2026-05-18,2026,5,18,1,0
2026-05-19,2026,5,19,2,0
2026-05-20,2026,5,20,3,0
2026-05-21,2026,5,21,4,0
2026-05-22,2026,5,22,5,0
2026-05-23,2026,5,23,6,1
2026-05-24,2026,5,24,7,1
2026-05-25,2026,5,25,1,0
2026-05-26,2026,5,26,2,0
2026-05-27,2026,5,27,3,0
2026-05-28,2026,5,28,4,0
2026-05-29,2026,5,29,5,0
2026-05-30,2026,5,30,6,1
2026-05-31,2026,5,31,7,1
2026-06-01,2026,6,1,1,0
2026-06-02,2026,6,2,2,0
2026-06-03,2026,6,3,3,0
2026-06-04,2026,6,4,4,0
2026-06-05,2026,6,5,5,0
2026-06-06,2026,6,6,6,1
2026-06-07,2026,6,7,7,1
2026-06-08,2026,6,8,1,0
2026-06-09,2026,6,9,2,0
2026-06-10,2026,6,10,3,0
2026-06-11,2026,6,11,4,0
2026-06-12,2026,6,12,5,0
2026-06-13,2026,6,13,6,1
2026-06-14,2026,6,14,7,1
2026-06-15,2026,6,15,1,0
2026-06-16,2026,6,16,2,0
2026-06-17,2026,6,17,3,0
2026-06-18,2026,6,18,4,0
2026-06-19,2026,6,19,5,0
2026-06-20,2026,6,20,6,1
2026-06-21,2026,6,21,7,1
2026-06-22,2026,6,22,1,0
2026-06-23,2026,6,23,2,0
2026-06-24,2026,6,24,3,0
2026-06-25,2026,6,25,4,0
2026-06-26,2026,6,26,5,0
2026-06-27,2026,6,27,6,1
2026-06-28,2026,6,28,7,1
2026-06-29,2026,6,29,1,0
2026-06-30,2026,6,30,2,0
2026-07-01,2026,7,1,3,0
2026-07-02,2026,7,2,4,0
2026-07-03,2026,7,3,5,0
2026-07-04,2026,7,4,6,1
2026-07-05,2026,7,5,7,1
2026-07-06,2026,7,6,1,0
2026-07-07,2026,7,7,2,0
2026-07-08,2026,7,8,3,0
2026-07-09,2026,7,9,4,0
2026-07-10,2026,7,10,5,0
2026-07-11,2026,7,11,6,1
2026-07-12,2026,7,12,7,1
2026-07-13,2026,7,13,1,0
2026-07-14,2026,7,14,2,0
2026-07-15,2026,7,15,3,0
2026-07-16,2026,7,16,4,0
2026-07-17,2026,7,17,5,0
2026-07-18,2026,7,18,6,1
2026-07-19,2026,7,19,7,1
2026-07-20,2026,7,20,1,0
2026-07-21,2026,7,21,2,0
2026-07-22,2026,7,22,3,0
2026-07-23,2026,7,23,4,0
2026-07-24,2026,7,24,5,0
2026-07-25,2026,7,25,6,1
2026-07-26,2026,7,26,7,1
2026-07-27,2026,7,27,1,0
2026-07-28,2026,7,28,2,0
2026-07-29,2026,7,29,3,0
2026-07-30,2026,7,30,4,0
2026-07-31,2026,7,31,5,0
2026-08-01,2026,8,1,6,1
2026-08-02,2026,8,2,7,1
2026-08-03,2026,8,3,1,0
2026-08-04,2026,8,4,2,0
2026-08-05,2026,8,5,3,0
2026-08-06,2026,8,6,4,0
2026-08-07,2026,8,7,5,0
2026-08-08,2026,8,8,6,1
2026-08-09,2026,8,9,7,1
2026-08-10,2026,8,10,1,0
2026-08-11,2026,8,11,2,0
2026-08-12,2026,8,12,3,0
2026-08-13,2026,8,13,4,0
2026-08-14,2026,8,14,5,0
2026-08-15,2026,8,15,6,1
2026-08-16,2026,8,16,7,1
2026-08-17,2026,8,17,1,0
2026-08-18,2026,8,18,2,0
2026-08-19,2026,8,19,3,0
2026-08-20,2026,8,20,4,0
2026-08-21,2026,8,21,5,0
2026-08-22,2026,8,22,6,1
2026-08-23,2026,8,23,7,1
2026-08-24,2026,8,24,1,0
2026-08-25,2026,8,25,2,0
2026-08-26,2026,8,26,3,0
2026-08-27,2026,8,27,4,0
2026-08-28,2026,8,28,5,0
2026-08-29,2026,8,29,6,1
2026-08-30,2026,8,30,7,1
2026-08-31,2026,8,31,1,0
2026-09-01,2026,9,1,2,0
2026-09-02,2026,9,2,3,0
2026-09-03,2026,9,3,4,0
2026-09-04,2026,9,4,5,0
2026-09-05,2026,9,5,6,1
2026-09-06,2026,9,6,7,1
2026-09-07,2026,9,7,1,0
2026-09-08,2026,9,8,2,0
2026-09-09,2026,9,9,3,0
2026-09-10,2026,9,10,4,0
2026-09-11,2026,9,11,5,0
2026-09-12,2026,9,12,6,1
2026-09-13,2026,9,13,7,1
2026-09-14,2026,9,14,1,0
2026-09-15,2026,9,15,2,0
2026-09-16,2026,9,16,3,0
2026-09-17,2026,9,17,4,0
2026-09-18,2026,9,18,5,0
2026-09-19,2026,9,19,6,1
2026-09-20,2026,9,20,7,1
2026-09-21,2026,9,21,1,0
2026-09-22,2026,9,22,2,0
2026-09-23,2026,9,23,3,0
2026-09-24,2026,9,24,4,0
2026-09-25,2026,9,25,5,0
2026-09-26,2026,9,26,6,1
2026-09-27,2026,9,27,7,1
2026-09-28,2026,9,28,1,0
2026-09-29,2026,9,29,2,0
2026-09-30,2026,9,30,3,0
2026-10-01,2026,10,1,4,0
2026-10-02,2026,10,2,5,0
2026-10-03,2026,10,3,6,1
2026-10-04,2026,10,4,7,1
2026-10-05,2026,10,5,1,0
2026-10-06,2026,10,6,2,0
2026-10-07,2026,10,7,3,0
2026-10-08,2026,10,8,4,0
2026-10-09,2026,10,9,5,0
2026-10-10,2026,10,10,6,1
2026-10-11,2026,10,11,7,1
2026-10-12,2026,10,12,1,0
2026-10-13,2026,10,13,2,0
2026-10-14,2026,10,14,3,0
2026-10-15,2026,10,15,4,0
2026-10-16,2026,10,16,5,0
2026-10-17,2026,10,17,6,1
2026-10-18,2026,10,18,7,1
2026-10-19,2026,10,19,1,0
2026-10-20,2026,10,20,2,0
2026-10-21,2026,10,21,3,0
2026-10-22,2026,10,22,4,0
2026-10-23,2026,10,23,5,0
2026-10-24,2026,10,24,6,1
2026-10-25,2026,10,25,7,1
2026-10-26,2026,10,26,1,0
2026-10-27,2026,10,27,2,0
2026-10-28,2026,10,28,3,0
2026-10-29,2026,10,29,4,0
2026-10-30,2026,10,30,5,0
2026-10-31,2026,10,31,6,1
2026-11-01,2026,11,1,7,1
2026-11-02,2026,11,2,1,0
2026-11-03,2026,11,3,2,0
2026-11-04,2026,11,4,3,0
2026-11-05,2026,11,5,4,0
2026-11-06,2026,11,6,5,0
2026-11-07,2026,11,7,6,1
2026-11-08,2026,11,8,7,1
2026-11-09,2026,11,9,1,0
2026-11-10,2026,11,10,2,0
2026-11-11,2026,11,11,3,0
2026-11-12,2026,11,12,4,0
2026-11-13,2026,11,13,5,0
2026-11-14,2026,11,14,6,1
2026-11-15,2026,11,15,7,1
2026-11-16,2026,11,16,1,0
2026-11-17,2026,11,17,2,0
2026-11-18,2026,11,18,3,0
2026-11-19,2026,11,19,4,0
2026-11-20,2026,11,20,5,0
2026-11-21,2026,11,21,6,1
2026-11-22,2026,11,22,7,1
2026-11-23,2026,11,23,1,0
2026-11-24,2026,11,24,2,0
2026-11-25,2026,11,25,3,0
2026-11-26,2026,11,26,4,0
2026-11-27,2026,11,27,5,0
2026-11-28,2026,11,28,6,1
2026-11-29,2026,11,29,7,1
2026-11-30,2026,11,30,1,0
2026-12-01,2026,12,1,2,0
2026-12-02,2026,12,2,3,0
2026-12-03,2026,12,3,4,0
2026-12-04,2026,12,4,5,0
2026-12-05,2026,12,5,6,1
2026-12-06,2026,12,6,7,1
2026-12-07,2026,12,7,1,0
2026-12-08,2026,12,8,2,0
2026-12-09,2026,12,9,3,0
2026-12-10,2026,12,10,4,0
2026-12-11,2026,12,11,5,0
2026-12-12,2026,12,12,6,1
2026-12-13,2026,12,13,7,1
2026-12-14,2026,12,14,1,0
2026-12-15,2026,12,15,2,0
2026-12-16,2026,12,16,3,0
2026-12-17,2026,12,17,4,0
2026-12-18,2026,12,18,5,0
2026-12-19,2026,12,19,6,1
2026-12-20,2026,12,20,7,1
2026-12-21,2026,12,21,1,0
2026-12-22,2026,12,22,2,0
2026-12-23,2026,12,23,3,0
2026-12-24,2026,12,24,4,0
2026-12-25,2026,12,25,5,0
2026-12-26,2026,12,26,6,1
2026-12-27,2026,12,27,7,1
2026-12-28,2026,12,28,1,0
2026-12-29,2026,12,29,2,0
2026-12-30,2026,12,30,3,0
2026-12-31,2026,12,31,4,0
2027-01-01,2027,1,1,5,0
2027-01-02,2027,1,2,6,1
2027-01-03,2027,1,3,7,1
2027-01-04,2027,1,4,1,0
2027-01-05,2027,1,5,2,0
2027-01-06,2027,1,6,3,0
2027-01-07,2027,1,7,4,0
2027-01-08,2027,1,8,5,0
2027-01-09,2027,1,9,6,1
2027-01-10,2027,1,10,7,1
2027-01-11,2027,1,11,1,0
2027-01-12,2027,1,12,2,0
2027-01-13,2027,1,13,3,0
2027-01-14,2027,1,14,4,0
2027-01-15,2027,1,15,5,0
2027-01-16,2027,1,16,6,1
2027-01-17,2027,1,17,7,1
2027-01-18,2027,1,18,1,0
2027-01-19,2027,1,19,2,0
2027-01-20,2027,1,20,3,0
2027-01-21,2027,1,21,4,0
2027-01-22,2027,1,22,5,0
2027-01-23,2027,1,23,6,1
2027-01-24,2027,1,24,7,1
2027-01-25,2027,1,25,1,0
2027-01-26,2027,1,26,2,0
2027-01-27,2027,1,27,3,0
2027-01-28,2027,1,28,4,0
2027-01-29,2027,1,29,5,0
2027-01-30,2027,1,30,6,1
2027-01-31,2027,1,31,7,1
2027-02-01,2027,2,1,1,0
2027-02-02,2027,2,2,2,0
2027-02-03,2027,2,3,3,0
2027-02-04,2027,2,4,4,0
2027-02-05,2027,2,5,5,0
2027-02-06,2027,2,6,6,1
2027-02-07,2027,2,7,7,1
2027-02-08,2027,2,8,1,0
2027-02-09,2027,2,9,2,0
2027-02-10,2027,2,10,3,0
2027-02-11,2027,2,11,4,0
2027-02-12,2027,2,12,5,0
2027-02-13,2027,2,13,6,1
2027-02-14,2027,2,14,7,1
2027-02-15,2027,2,15,1,0
2027-02-16,2027,2,16,2,0
2027-02-17,2027,2,17,3,0
2027-02-18,2027,2,18,4,0
2027-02-19,2027,2,19,5,0
2027-02-20,2027,2,20,6,1
2027-02-21,2027,2,21,7,1
2027-02-22,2027,2,22,1,0
2027-02-23,2027,2,23,2,0
2027-02-24,2027,2,24,3,0
2027-02-25,2027,2,25,4,0
2027-02-26,2027,2,26,5,0
2027-02-27,2027,2,27,6,1
2027-02-28,2027,2,28,7,1
2027-03-01,2027,3,1,1,0
2027-03-02,2027,3,2,2,0
2027-03-03,2027,3,3,3,0
2027-03-04,2027,3,4,4,0
2027-03-05,2027,3,5,5,0
2027-03-06,2027,3,6,6,1
2027-03-07,2027,3,7,7,1
2027-03-08,2027,3,8,1,0
2027-03-09,2027,3,9,2,0
2027-03-10,2027,3,10,3,0
2027-03-11,2027,3,11,4,0
2027-03-12,2027,3,12,5,0
2027-03-13,2027,3,13,6,1
2027-03-14,2027,3,14,7,1
2027-03-15,2027,3,15,1,0
2027-03-16,2027,3,16,2,0
2027-03-17,2027,3,17,3,0
2027-03-18,2027,3,18,4,0
2027-03-19,2027,3,19,5,0
2027-03-20,2027,3,20,6,1
2027-03-21,2027,3,21,7,1
2027-03-22,2027,3,22,1,0
2027-03-23,2027,3,23,2,0
2027-03-24,2027,3,24,3,0
2027-03-25,2027,3,25,4,0
2027-03-26,2027,3,26,5,0
2027-03-27,2027,3,27,6,1
2027-03-28,2027,3,28,7,1
2027-03-29,2027,3,29,1,0
2027-03-30,2027,3,30,2,0
2027-03-31,2027,3,31,3,0
2027-04-01,2027,4,1,4,0
2027-04-02,2027,4,2,5,0
2027-04-03,2027,4,3,6,1
2027-04-04,2027,4,4,7,1
2027-04-05,2027,4,5,1,0
2027-04-06,2027,4,6,2,0
2027-04-07,2027,4,7,3,0
2027-04-08,2027,4,8,4,0
2027-04-09,2027,4,9,5,0
2027-04-10,2027,4,10,6,1
2027-04-11,2027,4,11,7,1
2027-04-12,2027,4,12,1,0
2027-04-13,2027,4,13,2,0
2027-04-14,2027,4,14,3,0
2027-04-15,2027,4,15,4,0
2027-04-16,2027,4,16,5,0
2027-04-17,2027,4,17,6,1
2027-04-18,2027,4,18,7,1
2027-04-19,2027,4,19,1,0
2027-04-20,2027,4,20,2,0
2027-04-21,2027,4,21,3,0
2027-04-22,2027,4,22,4,0
2027-04-23,2027,4,23,5,0
2027-04-24,2027,4,24,6,1
2027-04-25,2027,4,25,7,1
2027-04-26,2027,4,26,1,0
2027-04-27,2027,4,27,2,0
2027-04-28,2027,4,28,3,0
2027-04-29,2027,4,29,4,0
2027-04-30,2027,4,30,5,0
2027-05-01,2027,5,1,6,1
2027-05-02,2027,5,2,7,1
2027-05-03,2027,5,3,1,0
2027-05-04,2027,5,4,2,0
2027-05-05,2027,5,5,3,0
2027-05-06,2027,5,6,4,0
2027-05-07,2027,5,7,5,0
2027-05-08,2027,5,8,6,1
2027-05-09,2027,5,9,7,1
2027-05-10,2027,5,10,1,0
2027-05-11,2027,5,11,2,0
2027-05-12,2027,5,12,3,0
2027-05-13,2027,5,13,4,0
2027-05-14,2027,5,14,5,0
2027-05-15,2027,5,15,6,1
2027-05-16,2027,5,16,7,1
2027-05-17,2027,5,17,1,0
2027-05-18,2027,5,18,2,0
2027-05-19,2027,5,19,3,0
2027-05-20,2027,5,20,4,0
2027-05-21,2027,5,21,5,0
2027-05-22,2027,5,22,6,1
2027-05-23,2027,5,23,7,1
2027-05-24,2027,5,24,1,0
2027-05-25,2027,5,25,2,0
2027-05-26,2027,5,26,3,0
2027-05-27,2027,5,27,4,0
2027-05-28,2027,5,28,5,0
2027-05-29,2027,5,29,6,1
2027-05-30,2027,5,30,7,1
2027-05-31,2027,5,31,1,0
2027-06-01,2027,6,1,2,0
2027-06-02,2027,6,2,3,0
2027-06-03,2027,6,3,4,0
2027-06-04,2027,6,4,5,0
2027-06-05,2027,6,5,6,1
2027-06-06,2027,6,6,7,1
2027-06-07,2027,6,7,1,0
2027-06-08,2027,6,8,2,0
2027-06-09,2027,6,9,3,0
2027-06-10,2027,6,10,4,0
2027-06-11,2027,6,11,5,0
2027-06-12,2027,6,12,6,1
2027-06-13,2027,6,13,7,1
2027-06-14,2027,6,14,1,0
2027-06-15,2027,6,15,2,0
2027-06-16,2027,6,16,3,0
2027-06-17,2027,6,17,4,0
2027-06-18,2027,6,18,5,0
2027-06-19,2027,6,19,6,1
2027-06-20,2027,6,20,7,1
2027-06-21,2027,6,21,1,0
2027-06-22,2027,6,22,2,0
2027-06-23,2027,6,23,3,0
2027-06-24,2027,6,24,4,0
2027-06-25,2027,6,25,5,0
2027-06-26,2027,6,26,6,1
2027-06-27,2027,6,27,7,1
2027-06-28,2027,6,28,1,0
2027-06-29,2027,6,29,2,0
2027-06-30,2027,6,30,3,0
2027-07-01,2027,7,1,4,0
2027-07-02,2027,7,2,5,0
2027-07-03,2027,7,3,6,1
2027-07-04,2027,7,4,7,1
2027-07-05,2027,7,5,1,0
2027-07-06,2027,7,6,2,0
2027-07-07,2027,7,7,3,0
2027-07-08,2027,7,8,4,0
2027-07-09,2027,7,9,5,0
2027-07-10,2027,7,10,6,1
2027-07-11,2027,7,11,7,1
2027-07-12,2027,7,12,1,0
2027-07-13,2027,7,13,2,0
2027-07-14,2027,7,14,3,0
2027-07-15,2027,7,15,4,0
2027-07-16,2027,7,16,5,0
2027-07-17,2027,7,17,6,1
2027-07-18,2027,7,18,7,1
2027-07-19,2027,7,19,1,0
2027-07-20,2027,7,20,2,0
2027-07-21,2027,7,21,3,0
2027-07-22,2027,7,22,4,0
2027-07-23,2027,7,23,5,0
2027-07-24,2027,7,24,6,1
2027-07-25,2027,7,25,7,1
2027-07-26,2027,7,26,1,0
2027-07-27,2027,7,27,2,0
2027-07-28,2027,7,28,3,0
2027-07-29,2027,7,29,4,0
2027-07-30,2027,7,30,5,0
2027-07-31,2027,7,31,6,1
2027-08-01,2027,8,1,7,1
2027-08-02,2027,8,2,1,0
2027-08-03,2027,8,3,2,0
2027-08-04,2027,8,4,3,0
2027-08-05,2027,8,5,4,0
2027-08-06,2027,8,6,5,0
2027-08-07,2027,8,7,6,1
2027-08-08,2027,8,8,7,1
2027-08-09,2027,8,9,1,0
2027-08-10,2027,8,10,2,0
2027-08-11,2027,8,11,3,0
2027-08-12,2027,8,12,4,0
2027-08-13,2027,8,13,5,0
2027-08-14,2027,8,14,6,1
2027-08-15,2027,8,15,7,1
2027-08-16,2027,8,16,1,0
2027-08-17,2027,8,17,2,0
2027-08-18,2027,8,18,3,0
2027-08-19,2027,8,19,4,0
2027-08-20,2027,8,20,5,0
2027-08-21,2027,8,21,6,1
2027-08-22,2027,8,22,7,1
2027-08-23,2027,8,23,1,0
2027-08-24,2027,8,24,2,0
2027-08-25,2027,8,25,3,0
2027-08-26,2027,8,26,4,0
2027-08-27,2027,8,27,5,0
2027-08-28,2027,8,28,6,1
2027-08-29,2027,8,29,7,1
2027-08-30,2027,8,30,1,0
2027-08-31,2027,8,31,2,0
2027-09-01,2027,9,1,3,0
2027-09-02,2027,9,2,4,0
2027-09-03,2027,9,3,5,0
2027-09-04,2027,9,4,6,1
2027-09-05,2027,9,5,7,1
2027-09-06,2027,9,6,1,0
2027-09-07,2027,9,7,2,0
2027-09-08,2027,9,8,3,0
2027-09-09,2027,9,9,4,0
2027-09-10,2027,9,10,5,0
2027-09-11,2027,9,11,6,1
2027-09-12,2027,9,12,7,1
2027-09-13,2027,9,13,1,0
2027-09-14,2027,9,14,2,0
2027-09-15,2027,9,15,3,0
2027-09-16,2027,9,16,4,0
2027-09-17,2027,9,17,5,0
2027-09-18,2027,9,18,6,1
2027-09-19,2027,9,19,7,1
2027-09-20,2027,9,20,1,0
2027-09-21,2027,9,21,2,0
2027-09-22,2027,9,22,3,0
2027-09-23,2027,9,23,4,0
2027-09-24,2027,9,24,5,0
2027-09-25,2027,9,25,6,1
2027-09-26,2027,9,26,7,1
2027-09-27,2027,9,27,1,0
2027-09-28,2027,9,28,2,0
2027-09-29,2027,9,29,3,0
2027-09-30,2027,9,30,4,0
2027-10-01,2027,10,1,5,0
2027-10-02,2027,10,2,6,1
2027-10-03,2027,10,3,7,1
2027-10-04,2027,10,4,1,0
2027-10-05,2027,10,5,2,0
2027-10-06,2027,10,6,3,0
2027-10-07,2027,10,7,4,0
2027-10-08,2027,10,8,5,0
2027-10-09,2027,10,9,6,1
2027-10-10,2027,10,10,7,1
2027-10-11,2027,10,11,1,0
2027-10-12,2027,10,12,2,0
2027-10-13,2027,10,13,3,0
2027-10-14,2027,10,14,4,0
2027-10-15,2027,10,15,5,0
2027-10-16,2027,10,16,6,1
2027-10-17,2027,10,17,7,1
2027-10-18,2027,10,18,1,0
2027-10-19,2027,10,19,2,0
2027-10-20,2027,10,20,3,0
2027-10-21,2027,10,21,4,0
2027-10-22,2027,10,22,5,0
2027-10-23,2027,10,23,6,1
2027-10-24,2027,10,24,7,1
2027-10-25,2027,10,25,1,0
2027-10-26,2027,10,26,2,0
2027-10-27,2027,10,27,3,0
2027-10-28,2027,10,28,4,0
2027-10-29,2027,10,29,5,0
2027-10-30,2027,10,30,6,1
2027-10-31,2027,10,31,7,1
2027-11-01,2027,11,1,1,0
2027-11-02,2027,11,2,2,0
2027-11-03,2027,11,3,3,0
2027-11-04,2027,11,4,4,0
2027-11-05,2027,11,5,5,0
2027-11-06,2027,11,6,6,1
2027-11-07,2027,11,7,7,1
2027-11-08,2027,11,8,1,0
2027-11-09,2027,11,9,2,0
2027-11-10,2027,11,10,3,0
2027-11-11,2027,11,11,4,0
2027-11-12,2027,11,12,5,0
2027-11-13,2027,11,13,6,1
2027-11-14,2027,11,14,7,1
2027-11-15,2027,11,15,1,0
2027-11-16,2027,11,16,2,0
2027-11-17,2027,11,17,3,0
2027-11-18,2027,11,18,4,0
2027-11-19,2027,11,19,5,0
2027-11-20,2027,11,20,6,1
2027-11-21,2027,11,21,7,1
2027-11-22,2027,11,22,1,0
2027-11-23,2027,11,23,2,0
2027-11-24,2027,11,24,3,0
2027-11-25,2027,11,25,4,0
2027-11-26,2027,11,26,5,0
2027-11-27,2027,11,27,6,1
2027-11-28,2027,11,28,7,1
2027-11-29,2027,11,29,1,0
2027-11-30,2027,11,30,2,0
2027-12-01,2027,12,1,3,0
2027-12-02,2027,12,2,4,0
2027-12-03,2027,12,3,5,0
2027-12-04,2027,12,4,6,1
2027-12-05,2027,12,5,7,1
2027-12-06,2027,12,6,1,0
2027-12-07,2027,12,7,2,0
2027-12-08,2027,12,8,3,0
2027-12-09,2027,12,9,4,0
2027-12-10,2027,12,10,5,0
2027-12-11,2027,12,11,6,1
2027-12-12,2027,12,12,7,1
2027-12-13,2027,12,13,1,0
2027-12-14,2027,12,14,2,0
2027-12-15,2027,12,15,3,0
2027-12-16,2027,12,16,4,0
2027-12-17,2027,12,17,5,0
2027-12-18,2027,12,18,6,1
2027-12-19,2027,12,19,7,1
2027-12-20,2027,12,20,1,0
2027-12-21,2027,12,21,2,0
2027-12-22,2027,12,22,3,0
2027-12-23,2027,12,23,4,0
2027-12-24,2027,12,24,5,0
2027-12-25,2027,12,25,6,1
2027-12-26,2027,12,26,7,1
2027-12-27,2027,12,27,1,0
2027-12-28,2027,12,28,2,0
2027-12-29,2027,12,29,3,0
2027-12-30,2027,12,30,4,0
2027-12-31,2027,12,31,5,0
2028-01-01,2028,1,1,6,1
2028-01-02,2028,1,2,7,1
2028-01-03,2028,1,3,1,0
2028-01-04,2028,1,4,2,0
2028-01-05,2028,1,5,3,0
2028-01-06,2028,1,6,4,0
2028-01-07,2028,1,7,5,0
2028-01-08,2028,1,8,6,1
2028-01-09,2028,1,9,7,1
2028-01-10,2028,1,10,1,0
2028-01-11,2028,1,11,2,0
2028-01-12,2028,1,12,3,0
2028-01-13,2028,1,13,4,0
2028-01-14,2028,1,14,5,0
2028-01-15,2028,1,15,6,1
2028-01-16,2028,1,16,7,1
2028-01-17,2028,1,17,1,0
2028-01-18,2028,1,18,2,0
2028-01-19,2028,1,19,3,0
2028-01-20,2028,1,20,4,0
2028-01-21,2028,1,21,5,0
2028-01-22,2028,1,22,6,1
2028-01-23,2028,1,23,7,1
2028-01-24,2028,1,24,1,0
2028-01-25,2028,1,25,2,0
2028-01-26,2028,1,26,3,0
2028-01-27,2028,1,27,4,0
2028-01-28,2028,1,28,5,0
2028-01-29,2028,1,29,6,1
2028-01-30,2028,1,30,7,1
2028-01-31,2028,1,31,1,0
2028-02-01,2028,2,1,2,0
2028-02-02,2028,2,2,3,0
2028-02-03,2028,2,3,4,0
2028-02-04,2028,2,4,5,0
2028-02-05,2028,2,5,6,1
2028-02-06,2028,2,6,7,1
2028-02-07,2028,2,7,1,0
2028-02-08,2028,2,8,2,0
2028-02-09,2028,2,9,3,0
2028-02-10,2028,2,10,4,0
2028-02-11,2028,2,11,5,0
2028-02-12,2028,2,12,6,1
2028-02-13,2028,2,13,7,1
2028-02-14,2028,2,14,1,0
2028-02-15,2028,2,15,2,0
2028-02-16,2028,2,16,3,0
2028-02-17,2028,2,17,4,0
2028-02-18,2028,2,18,5,0
2028-02-19,2028,2,19,6,1
2028-02-20,2028,2,20,7,1
2028-02-21,2028,2,21,1,0
2028-02-22,2028,2,22,2,0
2028-02-23,2028,2,23,3,0
2028-02-24,2028,2,24,4,0
2028-02-25,2028,2,25,5,0
2028-02-26,2028,2,26,6,1
2028-02-27,2028,2,27,7,1
2028-02-28,2028,2,28,1,0
2028-02-29,2028,2,29,2,0
2028-03-01,2028,3,1,3,0
2028-03-02,2028,3,2,4,0
2028-03-03,2028,3,3,5,0
2028-03-04,2028,3,4,6,1
2028-03-05,2028,3,5,7,1
2028-03-06,2028,3,6,1,0
2028-03-07,2028,3,7,2,0
2028-03-08,2028,3,8,3,0
2028-03-09,2028,3,9,4,0
2028-03-10,2028,3,10,5,0
2028-03-11,2028,3,11,6,1
2028-03-12,2028,3,12,7,1
2028-03-13,2028,3,13,1,0
2028-03-14,2028,3,14,2,0
2028-03-15,2028,3,15,3,0
2028-03-16,2028,3,16,4,0
2028-03-17,2028,3,17,5,0
2028-03-18,2028,3,18,6,1
2028-03-19,2028,3,19,7,1
2028-03-20,2028,3,20,1,0
2028-03-21,2028,3,21,2,0
2028-03-22,2028,3,22,3,0
2028-03-23,2028,3,23,4,0
2028-03-24,2028,3,24,5,0
2028-03-25,2028,3,25,6,1
2028-03-26,2028,3,26,7,1
2028-03-27,2028,3,27,1,0
2028-03-28,2028,3,28,2,0
2028-03-29,2028,3,29,3,0
2028-03-30,2028,3,30,4,0
2028-03-31,2028,3,31,5,0
2028-04-01,2028,4,1,6,1
2028-04-02,2028,4,2,7,1
2028-04-03,2028,4,3,1,0
2028-04-04,2028,4,4,2,0
2028-04-05,2028,4,5,3,0
2028-04-06,2028,4,6,4,0
2028-04-07,2028,4,7,5,0
2028-04-08,2028,4,8,6,1
2028-04-09,2028,4,9,7,1
2028-04-10,2028,4,10,1,0
2028-04-11,2028,4,11,2,0
2028-04-12,2028,4,12,3,0
2028-04-13,2028,4,13,4,0
2028-04-14,2028,4,14,5,0
2028-04-15,2028,4,15,6,1
2028-04-16,2028,4,16,7,1
2028-04-17,2028,4,17,1,0
2028-04-18,2028,4,18,2,0
2028-04-19,2028,4,19,3,0
2028-04-20,2028,4,20,4,0
2028-04-21,2028,4,21,5,0
2028-04-22,2028,4,22,6,1
2028-04-23,2028,4,23,7,1
2028-04-24,2028,4,24,1,0
2028-04-25,2028,4,25,2,0
2028-04-26,2028,4,26,3,0
2028-04-27,2028,4,27,4,0
2028-04-28,2028,4,28,5,0
2028-04-29,2028,4,29,6,1
2028-04-30,2028,4,30,7,1
2028-05-01,2028,5,1,1,0
2028-05-02,2028,5,2,2,0
2028-05-03,2028,5,3,3,0
2028-05-04,2028,5,4,4,0
2028-05-05,2028,5,5,5,0
2028-05-06,2028,5,6,6,1
2028-05-07,2028,5,7,7,1
2028-05-08,2028,5,8,1,0
2028-05-09,2028,5,9,2,0
2028-05-10,2028,5,10,3,0
2028-05-11,2028,5,11,4,0
2028-05-12,2028,5,12,5,0
2028-05-13,2028,5,13,6,1
2028-05-14,2028,5,14,7,1
2028-05-15,2028,5,15,1,0
2028-05-16,2028,5,16,2,0
2028-05-17,2028,5,17,3,0
2028-05-18,2028,5,18,4,0
2028-05-19,2028,5,19,5,0
2028-05-20,2028,5,20,6,1
2028-05-21,2028,5,21,7,1
2028-05-22,2028,5,22,1,0
2028-05-23,2028,5,23,2,0
2028-05-24,2028,5,24,3,0
2028-05-25,2028,5,25,4,0
2028-05-26,2028,5,26,5,0
2028-05-27,2028,5,27,6,1
2028-05-28,2028,5,28,7,1
2028-05-29,2028,5,29,1,0
2028-05-30,2028,5,30,2,0
2028-05-31,2028,5,31,3,0
2028-06-01,2028,6,1,4,0
2028-06-02,2028,6,2,5,0
2028-06-03,2028,6,3,6,1
2028-06-04,2028,6,4,7,1
2028-06-05,2028,6,5,1,0
2028-06-06,2028,6,6,2,0
2028-06-07,2028,6,7,3,0
2028-06-08,2028,6,8,4,0
2028-06-09,2028,6,9,5,0
2028-06-10,2028,6,10,6,1
2028-06-11,2028,6,11,7,1
2028-06-12,2028,6,12,1,0
2028-06-13,2028,6,13,2,0
2028-06-14,2028,6,14,3,0
2028-06-15,2028,6,15,4,0
2028-06-16,2028,6,16,5,0
2028-06-17,2028,6,17,6,1
2028-06-18,2028,6,18,7,1
2028-06-19,2028,6,19,1,0
2028-06-20,2028,6,20,2,0
2028-06-21,2028,6,21,3,0
2028-06-22,2028,6,22,4,0
2028-06-23,2028,6,23,5,0
2028-06-24,2028,6,24,6,1
2028-06-25,2028,6,25,7,1
2028-06-26,2028,6,26,1,0
2028-06-27,2028,6,27,2,0
2028-06-28,2028,6,28,3,0
2028-06-29,2028,6,29,4,0
2028-06-30,2028,6,30,5,0
2028-07-01,2028,7,1,6,1
2028-07-02,2028,7,2,7,1
2028-07-03,2028,7,3,1,0
2028-07-04,2028,7,4,2,0
2028-07-05,2028,7,5,3,0
2028-07-06,2028,7,6,4,0
2028-07-07,2028,7,7,5,0
2028-07-08,2028,7,8,6,1
2028-07-09,2028,7,9,7,1
2028-07-10,2028,7,10,1,0
2028-07-11,2028,7,11,2,0
2028-07-12,2028,7,12,3,0
2028-07-13,2028,7,13,4,0
2028-07-14,2028,7,14,5,0
2028-07-15,2028,7,15,6,1
2028-07-16,2028,7,16,7,1
2028-07-17,2028,7,17,1,0
2028-07-18,2028,7,18,2,0
2028-07-19,2028,7,19,3,0
2028-07-20,2028,7,20,4,0
2028-07-21,2028,7,21,5,0
2028-07-22,2028,7,22,6,1
2028-07-23,2028,7,23,7,1
2028-07-24,2028,7,24,1,0
2028-07-25,2028,7,25,2,0
2028-07-26,2028,7,26,3,0
2028-07-27,2028,7,27,4,0
2028-07-28,2028,7,28,5,0
2028-07-29,2028,7,29,6,1
2028-07-30,2028,7,30,7,1
2028-07-31,2028,7,31,1,0
2028-08-01,2028,8,1,2,0
2028-08-02,2028,8,2,3,0
2028-08-03,2028,8,3,4,0
2028-08-04,2028,8,4,5,0
2028-08-05,2028,8,5,6,1
2028-08-06,2028,8,6,7,1
2028-08-07,2028,8,7,1,0
2028-08-08,2028,8,8,2,0
2028-08-09,2028,8,9,3,0
2028-08-10,2028,8,10,4,0
2028-08-11,2028,8,11,5,0
2028-08-12,2028,8,12,6,1
2028-08-13,2028,8,13,7,1
2028-08-14,2028,8,14,1,0
2028-08-15,2028,8,15,2,0
2028-08-16,2028,8,16,3,0
2028-08-17,2028,8,17,4,0
2028-08-18,2028,8,18,5,0
2028-08-19,2028,8,19,6,1
2028-08-20,2028,8,20,7,1
2028-08-21,2028,8,21,1,0
2028-08-22,2028,8,22,2,0
2028-08-23,2028,8,23,3,0
2028-08-24,2028,8,24,4,0
2028-08-25,2028,8,25,5,0
2028-08-26,2028,8,26,6,1
2028-08-27,2028,8,27,7,1
2028-08-28,2028,8,28,1,0
2028-08-29,2028,8,29,2,0
2028-08-30,2028,8,30,3,0
2028-08-31,2028,8,31,4,0
2028-09-01,2028,9,1,5,0
2028-09-02,2028,9,2,6,1
2028-09-03,2028,9,3,7,1
2028-09-04,2028,9,4,1,0
2028-09-05,2028,9,5,2,0
2028-09-06,2028,9,6,3,0
2028-09-07,2028,9,7,4,0
2028-09-08,2028,9,8,5,0
2028-09-09,2028,9,9,6,1
2028-09-10,2028,9,10,7,1
2028-09-11,2028,9,11,1,0
2028-09-12,2028,9,12,2,0
2028-09-13,2028,9,13,3,0
2028-09-14,2028,9,14,4,0
2028-09-15,2028,9,15,5,0
2028-09-16,2028,9,16,6,1
2028-09-17,2028,9,17,7,1
2028-09-18,2028,9,18,1,0
2028-09-19,2028,9,19,2,0
2028-09-20,2028,9,20,3,0
2028-09-21,2028,9,21,4,0
2028-09-22,2028,9,22,5,0
2028-09-23,2028,9,23,6,1
2028-09-24,2028,9,24,7,1
2028-09-25,2028,9,25,1,0
2028-09-26,2028,9,26,2,0
2028-09-27,2028,9,27,3,0
2028-09-28,2028,9,28,4,0
2028-09-29,2028,9,29,5,0
2028-09-30,2028,9,30,6,1
2028-10-01,2028,10,1,7,1
2028-10-02,2028,10,2,1,0
2028-10-03,2028,10,3,2,0
2028-10-04,2028,10,4,3,0
2028-10-05,2028,10,5,4,0
2028-10-06,2028,10,6,5,0
2028-10-07,2028,10,7,6,1
2028-10-08,2028,10,8,7,1
2028-10-09,2028,10,9,1,0
2028-10-10,2028,10,10,2,0
2028-10-11,2028,10,11,3,0
2028-10-12,2028,10,12,4,0
2028-10-13,2028,10,13,5,0
2028-10-14,2028,10,14,6,1
2028-10-15,2028,10,15,7,1
2028-10-16,2028,10,16,1,0
2028-10-17,2028,10,17,2,0
2028-10-18,2028,10,18,3,0
2028-10-19,2028,10,19,4,0
2028-10-20,2028,10,20,5,0
2028-10-21,2028,10,21,6,1
2028-10-22,2028,10,22,7,1
2028-10-23,2028,10,23,1,0
2028-10-24,2028,10,24,2,0
2028-10-25,2028,10,25,3,0
2028-10-26,2028,10,26,4,0
2028-10-27,2028,10,27,5,0
2028-10-28,2028,10,28,6,1
2028-10-29,2028,10,29,7,1
2028-10-30,2028,10,30,1,0
2028-10-31,2028,10,31,2,0
2028-11-01,2028,11,1,3,0
2028-11-02,2028,11,2,4,0
2028-11-03,2028,11,3,5,0
2028-11-04,2028,11,4,6,1
2028-11-05,2028,11,5,7,1
2028-11-06,2028,11,6,1,0
2028-11-07,2028,11,7,2,0
2028-11-08,2028,11,8,3,0
2028-11-09,2028,11,9,4,0
2028-11-10,2028,11,10,5,0
2028-11-11,2028,11,11,6,1
2028-11-12,2028,11,12,7,1
2028-11-13,2028,11,13,1,0
2028-11-14,2028,11,14,2,0
2028-11-15,2028,11,15,3,0
2028-11-16,2028,11,16,4,0
2028-11-17,2028,11,17,5,0
2028-11-18,2028,11,18,6,1
2028-11-19,2028,11,19,7,1
2028-11-20,2028,11,20,1,0
2028-11-21,2028,11,21,2,0
2028-11-22,2028,11,22,3,0
2028-11-23,2028,11,23,4,0
2028-11-24,2028,11,24,5,0
2028-11-25,2028,11,25,6,1
2028-11-26,2028,11,26,7,1
2028-11-27,2028,11,27,1,0
2028-11-28,2028,11,28,2,0
2028-11-29,2028,11,29,3,0
2028-11-30,2028,11,30,4,0
2028-12-01,2028,12,1,5,0
2028-12-02,2028,12,2,6,1
2028-12-03,2028,12,3,7,1
2028-12-04,2028,12,4,1,0
2028-12-05,2028,12,5,2,0
2028-12-06,2028,12,6,3,0
2028-12-07,2028,12,7,4,0
2028-12-08,2028,12,8,5,0
2028-12-09,2028,12,9,6,1
2028-12-10,2028,12,10,7,1
2028-12-11,2028,12,11,1,0
2028-12-12,2028,12,12,2,0
2028-12-13,2028,12,13,3,0
2028-12-14,2028,12,14,4,0
2028-12-15,2028,12,15,5,0
2028-12-16,2028,12,16,6,1
2028-12-17,2028,12,17,7,1
2028-12-18,2028,12,18,1,0
2028-12-19,2028,12,19,2,0
2028-12-20,2028,12,20,3,0
2028-12-21,2028,12,21,4,0
2028-12-22,2028,12,22,5,0
2028-12-23,2028,12,23,6,1
2028-12-24,2028,12,24,7,1
2028-12-25,2028,12,25,1,0
2028-12-26,2028,12,26,2,0
2028-12-27,2028,12,27,3,0
2028-12-28,2028,12,28,4,0
2028-12-29,2028,12,29,5,0
2028-12-30,2028,12,30,6,1
2028-12-31,2028,12,31,7,1
2029-01-01,2029,1,1,1,0
2029-01-02,2029,1,2,2,0
2029-01-03,2029,1,3,3,0
2029-01-04,2029,1,4,4,0
2029-01-05,2029,1,5,5,0
2029-01-06,2029,1,6,6,1
2029-01-07,2029,1,7,7,1
2029-01-08,2029,1,8,1,0
2029-01-09,2029,1,9,2,0
2029-01-10,2029,1,10,3,0
2029-01-11,2029,1,11,4,0
2029-01-12,2029,1,12,5,0
2029-01-13,2029,1,13,6,1
2029-01-14,2029,1,14,7,1
2029-01-15,2029,1,15,1,0
2029-01-16,2029,1,16,2,0
2029-01-17,2029,1,17,3,0
2029-01-18,2029,1,18,4,0
2029-01-19,2029,1,19,5,0
2029-01-20,2029,1,20,6,1
2029-01-21,2029,1,21,7,1
2029-01-22,2029,1,22,1,0
2029-01-23,2029,1,23,2,0
2029-01-24,2029,1,24,3,0
2029-01-25,2029,1,25,4,0
2029-01-26,2029,1,26,5,0
2029-01-27,2029,1,27,6,1
2029-01-28,2029,1,28,7,1
2029-01-29,2029,1,29,1,0
2029-01-30,2029,1,30,2,0
2029-01-31,2029,1,31,3,0
2029-02-01,2029,2,1,4,0
2029-02-02,2029,2,2,5,0
2029-02-03,2029,2,3,6,1
2029-02-04,2029,2,4,7,1
2029-02-05,2029,2,5,1,0
2029-02-06,2029,2,6,2,0
2029-02-07,2029,2,7,3,0
2029-02-08,2029,2,8,4,0
2029-02-09,2029,2,9,5,0
2029-02-10,2029,2,10,6,1
2029-02-11,2029,2,11,7,1
2029-02-12,2029,2,12,1,0
2029-02-13,2029,2,13,2,0
2029-02-14,2029,2,14,3,0
2029-02-15,2029,2,15,4,0
2029-02-16,2029,2,16,5,0
2029-02-17,2029,2,17,6,1
2029-02-18,2029,2,18,7,1
2029-02-19,2029,2,19,1,0
2029-02-20,2029,2,20,2,0
2029-02-21,2029,2,21,3,0
2029-02-22,2029,2,22,4,0
2029-02-23,2029,2,23,5,0
2029-02-24,2029,2,24,6,1
2029-02-25,2029,2,25,7,1
2029-02-26,2029,2,26,1,0
2029-02-27,2029,2,27,2,0
2029-02-28,2029,2,28,3,0
2029-03-01,2029,3,1,4,0
2029-03-02,2029,3,2,5,0
2029-03-03,2029,3,3,6,1
2029-03-04,2029,3,4,7,1
2029-03-05,2029,3,5,1,0
2029-03-06,2029,3,6,2,0
2029-03-07,2029,3,7,3,0
2029-03-08,2029,3,8,4,0
2029-03-09,2029,3,9,5,0
2029-03-10,2029,3,10,6,1
2029-03-11,2029,3,11,7,1
2029-03-12,2029,3,12,1,0
2029-03-13,2029,3,13,2,0
2029-03-14,2029,3,14,3,0
2029-03-15,2029,3,15,4,0
2029-03-16,2029,3,16,5,0
2029-03-17,2029,3,17,6,1
2029-03-18,2029,3,18,7,1
2029-03-19,2029,3,19,1,0
2029-03-20,2029,3,20,2,0
2029-03-21,2029,3,21,3,0
2029-03-22,2029,3,22,4,0
2029-03-23,2029,3,23,5,0
2029-03-24,2029,3,24,6,1
2029-03-25,2029,3,25,7,1
2029-03-26,2029,3,26,1,0
2029-03-27,2029,3,27,2,0
2029-03-28,2029,3,28,3,0
2029-03-29,2029,3,29,4,0
2029-03-30,2029,3,30,5,0
2029-03-31,2029,3,31,6,1
2029-04-01,2029,4,1,7,1
2029-04-02,2029,4,2,1,0
2029-04-03,2029,4,3,2,0
2029-04-04,2029,4,4,3,0
2029-04-05,2029,4,5,4,0
2029-04-06,2029,4,6,5,0
2029-04-07,2029,4,7,6,1
2029-04-08,2029,4,8,7,1
2029-04-09,2029,4,9,1,0
2029-04-10,2029,4,10,2,0
2029-04-11,2029,4,11,3,0
2029-04-12,2029,4,12,4,0
2029-04-13,2029,4,13,5,0
2029-04-14,2029,4,14,6,1
2029-04-15,2029,4,15,7,1
2029-04-16,2029,4,16,1,0
2029-04-17,2029,4,17,2,0
2029-04-18,2029,4,18,3,0
2029-04-19,2029,4,19,4,0
2029-04-20,2029,4,20,5,0
2029-04-21,2029,4,21,6,1
2029-04-22,2029,4,22,7,1
2029-04-23,2029,4,23,1,0
2029-04-24,2029,4,24,2,0
2029-04-25,2029,4,25,3,0
2029-04-26,2029,4,26,4,0
2029-04-27,2029,4,27,5,0
2029-04-28,2029,4,28,6,1
2029-04-29,2029,4,29,7,1
2029-04-30,2029,4,30,1,0
2029-05-01,2029,5,1,2,0
2029-05-02,2029,5,2,3,0
2029-05-03,2029,5,3,4,0
2029-05-04,2029,5,4,5,0
2029-05-05,2029,5,5,6,1
2029-05-06,2029,5,6,7,1
2029-05-07,2029,5,7,1,0
2029-05-08,2029,5,8,2,0
2029-05-09,2029,5,9,3,0
2029-05-10,2029,5,10,4,0
2029-05-11,2029,5,11,5,0
2029-05-12,2029,5,12,6,1
2029-05-13,2029,5,13,7,1
2029-05-14,2029,5,14,1,0
2029-05-15,2029,5,15,2,0
2029-05-16,2029,5,16,3,0
2029-05-17,2029,5,17,4,0
2029-05-18,2029,5,18,5,0
2029-05-19,2029,5,19,6,1
2029-05-20,2029,5,20,7,1
2029-05-21,2029,5,21,1,0
2029-05-22,2029,5,22,2,0
2029-05-23,2029,5,23,3,0
2029-05-24,2029,5,24,4,0
2029-05-25,2029,5,25,5,0
2029-05-26,2029,5,26,6,1
2029-05-27,2029,5,27,7,1
2029-05-28,2029,5,28,1,0
2029-05-29,2029,5,29,2,0
2029-05-30,2029,5,30,3,0
2029-05-31,2029,5,31,4,0
2029-06-01,2029,6,1,5,0
2029-06-02,2029,6,2,6,1
2029-06-03,2029,6,3,7,1
2029-06-04,2029,6,4,1,0
2029-06-05,2029,6,5,2,0
2029-06-06,2029,6,6,3,0
2029-06-07,2029,6,7,4,0
2029-06-08,2029,6,8,5,0
2029-06-09,2029,6,9,6,1
2029-06-10,2029,6,10,7,1
2029-06-11,2029,6,11,1,0
2029-06-12,2029,6,12,2,0
2029-06-13,2029,6,13,3,0
2029-06-14,2029,6,14,4,0
2029-06-15,2029,6,15,5,0
2029-06-16,2029,6,16,6,1
2029-06-17,2029,6,17,7,1
2029-06-18,2029,6,18,1,0
2029-06-19,2029,6,19,2,0
2029-06-20,2029,6,20,3,0
2029-06-21,2029,6,21,4,0
2029-06-22,2029,6,22,5,0
2029-06-23,2029,6,23,6,1
2029-06-24,2029,6,24,7,1
2029-06-25,2029,6,25,1,0
2029-06-26,2029,6,26,2,0
2029-06-27,2029,6,27,3,0
2029-06-28,2029,6,28,4,0
2029-06-29,2029,6,29,5,0
2029-06-30,2029,6,30,6,1
2029-07-01,2029,7,1,7,1
2029-07-02,2029,7,2,1,0
2029-07-03,2029,7,3,2,0
2029-07-04,2029,7,4,3,0
2029-07-05,2029,7,5,4,0
2029-07-06,2029,7,6,5,0
2029-07-07,2029,7,7,6,1
2029-07-08,2029,7,8,7,1
2029-07-09,2029,7,9,1,0
2029-07-10,2029,7,10,2,0
2029-07-11,2029,7,11,3,0
2029-07-12,2029,7,12,4,0
2029-07-13,2029,7,13,5,0
2029-07-14,2029,7,14,6,1
2029-07-15,2029,7,15,7,1
2029-07-16,2029,7,16,1,0
2029-07-17,2029,7,17,2,0
2029-07-18,2029,7,18,3,0
2029-07-19,2029,7,19,4,0
2029-07-20,2029,7,20,5,0
2029-07-21,2029,7,21,6,1
2029-07-22,2029,7,22,7,1
2029-07-23,2029,7,23,1,0
2029-07-24,2029,7,24,2,0
2029-07-25,2029,7,25,3,0
2029-07-26,2029,7,26,4,0
2029-07-27,2029,7,27,5,0
2029-07-28,2029,7,28,6,1
2029-07-29,2029,7,29,7,1
2029-07-30,2029,7,30,1,0
2029-07-31,2029,7,31,2,0
2029-08-01,2029,8,1,3,0
2029-08-02,2029,8,2,4,0
2029-08-03,2029,8,3,5,0
2029-08-04,2029,8,4,6,1
2029-08-05,2029,8,5,7,1
2029-08-06,2029,8,6,1,0
2029-08-07,2029,8,7,2,0
2029-08-08,2029,8,8,3,0
2029-08-09,2029,8,9,4,0
2029-08-10,2029,8,10,5,0
2029-08-11,2029,8,11,6,1
2029-08-12,2029,8,12,7,1
2029-08-13,2029,8,13,1,0
2029-08-14,2029,8,14,2,0
2029-08-15,2029,8,15,3,0
2029-08-16,2029,8,16,4,0
2029-08-17,2029,8,17,5,0
2029-08-18,2029,8,18,6,1
2029-08-19,2029,8,19,7,1
2029-08-20,2029,8,20,1,0
2029-08-21,2029,8,21,2,0
2029-08-22,2029,8,22,3,0
2029-08-23,2029,8,23,4,0
2029-08-24,2029,8,24,5,0
2029-08-25,2029,8,25,6,1
2029-08-26,2029,8,26,7,1
2029-08-27,2029,8,27,1,0
2029-08-28,2029,8,28,2,0
2029-08-29,2029,8,29,3,0
2029-08-30,2029,8,30,4,0
2029-08-31,2029,8,31,5,0
2029-09-01,2029,9,1,6,1
2029-09-02,2029,9,2,7,1
2029-09-03,2029,9,3,1,0
2029-09-04,2029,9,4,2,0
2029-09-05,2029,9,5,3,0
2029-09-06,2029,9,6,4,0
2029-09-07,2029,9,7,5,0
2029-09-08,2029,9,8,6,1
2029-09-09,2029,9,9,7,1
2029-09-10,2029,9,10,1,0
2029-09-11,2029,9,11,2,0
2029-09-12,2029,9,12,3,0
2029-09-13,2029,9,13,4,0
2029-09-14,2029,9,14,5,0
2029-09-15,2029,9,15,6,1
2029-09-16,2029,9,16,7,1
2029-09-17,2029,9,17,1,0
2029-09-18,2029,9,18,2,0
2029-09-19,2029,9,19,3,0
2029-09-20,2029,9,20,4,0
2029-09-21,2029,9,21,5,0
2029-09-22,2029,9,22,6,1
2029-09-23,2029,9,23,7,1
2029-09-24,2029,9,24,1,0
2029-09-25,2029,9,25,2,0
2029-09-26,2029,9,26,3,0
2029-09-27,2029,9,27,4,0
2029-09-28,2029,9,28,5,0
2029-09-29,2029,9,29,6,1
2029-09-30,2029,9,30,7,1
2029-10-01,2029,10,1,1,0
2029-10-02,2029,10,2,2,0
2029-10-03,2029,10,3,3,0
2029-10-04,2029,10,4,4,0
2029-10-05,2029,10,5,5,0
2029-10-06,2029,10,6,6,1
2029-10-07,2029,10,7,7,1
2029-10-08,2029,10,8,1,0
2029-10-09,2029,10,9,2,0
2029-10-10,2029,10,10,3,0
2029-10-11,2029,10,11,4,0
2029-10-12,2029,10,12,5,0
2029-10-13,2029,10,13,6,1
2029-10-14,2029,10,14,7,1
2029-10-15,2029,10,15,1,0
2029-10-16,2029,10,16,2,0
2029-10-17,2029,10,17,3,0
2029-10-18,2029,10,18,4,0
2029-10-19,2029,10,19,5,0
2029-10-20,2029,10,20,6,1
2029-10-21,2029,10,21,7,1
2029-10-22,2029,10,22,1,0
2029-10-23,2029,10,23,2,0
2029-10-24,2029,10,24,3,0
2029-10-25,2029,10,25,4,0
2029-10-26,2029,10,26,5,0
2029-10-27,2029,10,27,6,1
2029-10-28,2029,10,28,7,1
2029-10-29,2029,10,29,1,0
2029-10-30,2029,10,30,2,0
2029-10-31,2029,10,31,3,0
2029-11-01,2029,11,1,4,0
2029-11-02,2029,11,2,5,0
2029-11-03,2029,11,3,6,1
2029-11-04,2029,11,4,7,1
2029-11-05,2029,11,5,1,0
2029-11-06,2029,11,6,2,0
2029-11-07,2029,11,7,3,0
2029-11-08,2029,11,8,4,0
2029-11-09,2029,11,9,5,0
2029-11-10,2029,11,10,6,1
2029-11-11,2029,11,11,7,1
2029-11-12,2029,11,12,1,0
2029-11-13,2029,11,13,2,0
2029-11-14,2029,11,14,3,0
2029-11-15,2029,11,15,4,0
2029-11-16,2029,11,16,5,0
2029-11-17,2029,11,17,6,1
2029-11-18,2029,11,18,7,1
2029-11-19,2029,11,19,1,0
2029-11-20,2029,11,20,2,0
2029-11-21,2029,11,21,3,0
2029-11-22,2029,11,22,4,0
2029-11-23,2029,11,23,5,0
2029-11-24,2029,11,24,6,1
2029-11-25,2029,11,25,7,1
2029-11-26,2029,11,26,1,0
2029-11-27,2029,11,27,2,0
2029-11-28,2029,11,28,3,0
2029-11-29,2029,11,29,4,0
2029-11-30,2029,11,30,5,0
2029-12-01,2029,12,1,6,1
2029-12-02,2029,12,2,7,1
2029-12-03,2029,12,3,1,0
2029-12-04,2029,12,4,2,0
2029-12-05,2029,12,5,3,0
2029-12-06,2029,12,6,4,0
2029-12-07,2029,12,7,5,0
2029-12-08,2029,12,8,6,1
2029-12-09,2029,12,9,7,1
2029-12-10,2029,12,10,1,0
2029-12-11,2029,12,11,2,0
2029-12-12,2029,12,12,3,0
2029-12-13,2029,12,13,4,0
2029-12-14,2029,12,14,5,0
2029-12-15,2029,12,15,6,1
2029-12-16,2029,12,16,7,1
2029-12-17,2029,12,17,1,0
2029-12-18,2029,12,18,2,0
2029-12-19,2029,12,19,3,0
2029-12-20,2029,12,20,4,0
2029-12-21,2029,12,21,5,0
2029-12-22,2029,12,22,6,1
2029-12-23,2029,12,23,7,1
2029-12-24,2029,12,24,1,0
2029-12-25,2029,12,25,2,0
2029-12-26,2029,12,26,3,0
2029-12-27,2029,12,27,4,0
2029-12-28,2029,12,28,5,0
2029-12-29,2029,12,29,6,1
2029-12-30,2029,12,30,7,1
2029-12-31,2029,12,31,1,0
2030-01-01,2030,1,1,2,0
2030-01-02,2030,1,2,3,0
2030-01-03,2030,1,3,4,0
2030-01-04,2030,1,4,5,0
2030-01-05,2030,1,5,6,1
2030-01-06,2030,1,6,7,1
2030-01-07,2030,1,7,1,0
2030-01-08,2030,1,8,2,0
2030-01-09,2030,1,9,3,0
2030-01-10,2030,1,10,4,0
2030-01-11,2030,1,11,5,0
2030-01-12,2030,1,12,6,1
2030-01-13,2030,1,13,7,1
2030-01-14,2030,1,14,1,0
2030-01-15,2030,1,15,2,0
2030-01-16,2030,1,16,3,0
2030-01-17,2030,1,17,4,0
2030-01-18,2030,1,18,5,0
2030-01-19,2030,1,19,6,1
2030-01-20,2030,1,20,7,1
2030-01-21,2030,1,21,1,0
2030-01-22,2030,1,22,2,0
2030-01-23,2030,1,23,3,0
2030-01-24,2030,1,24,4,0
2030-01-25,2030,1,25,5,0
2030-01-26,2030,1,26,6,1
2030-01-27,2030,1,27,7,1
2030-01-28,2030,1,28,1,0
2030-01-29,2030,1,29,2,0
2030-01-30,2030,1,30,3,0
2030-01-31,2030,1,31,4,0
2030-02-01,2030,2,1,5,0
2030-02-02,2030,2,2,6,1
2030-02-03,2030,2,3,7,1
2030-02-04,2030,2,4,1,0
2030-02-05,2030,2,5,2,0
2030-02-06,2030,2,6,3,0
2030-02-07,2030,2,7,4,0
2030-02-08,2030,2,8,5,0
2030-02-09,2030,2,9,6,1
2030-02-10,2030,2,10,7,1
2030-02-11,2030,2,11,1,0
2030-02-12,2030,2,12,2,0
2030-02-13,2030,2,13,3,0
2030-02-14,2030,2,14,4,0
2030-02-15,2030,2,15,5,0
2030-02-16,2030,2,16,6,1
2030-02-17,2030,2,17,7,1
2030-02-18,2030,2,18,1,0
2030-02-19,2030,2,19,2,0
2030-02-20,2030,2,20,3,0
2030-02-21,2030,2,21,4,0
2030-02-22,2030,2,22,5,0
2030-02-23,2030,2,23,6,1
2030-02-24,2030,2,24,7,1
2030-02-25,2030,2,25,1,0
2030-02-26,2030,2,26,2,0
2030-02-27,2030,2,27,3,0
2030-02-28,2030,2,28,4,0
2030-03-01,2030,3,1,5,0
2030-03-02,2030,3,2,6,1
2030-03-03,2030,3,3,7,1
2030-03-04,2030,3,4,1,0
2030-03-05,2030,3,5,2,0
2030-03-06,2030,3,6,3,0
2030-03-07,2030,3,7,4,0
2030-03-08,2030,3,8,5,0
2030-03-09,2030,3,9,6,1
2030-03-10,2030,3,10,7,1
2030-03-11,2030,3,11,1,0
2030-03-12,2030,3,12,2,0
2030-03-13,2030,3,13,3,0
2030-03-14,2030,3,14,4,0
2030-03-15,2030,3,15,5,0
2030-03-16,2030,3,16,6,1
2030-03-17,2030,3,17,7,1
2030-03-18,2030,3,18,1,0
2030-03-19,2030,3,19,2,0
2030-03-20,2030,3,20,3,0
2030-03-21,2030,3,21,4,0
2030-03-22,2030,3,22,5,0
2030-03-23,2030,3,23,6,1
2030-03-24,2030,3,24,7,1
2030-03-25,2030,3,25,1,0
2030-03-26,2030,3,26,2,0
2030-03-27,2030,3,27,3,0
2030-03-28,2030,3,28,4,0
2030-03-29,2030,3,29,5,0
2030-03-30,2030,3,30,6,1
2030-03-31,2030,3,31,7,1
2030-04-01,2030,4,1,1,0
2030-04-02,2030,4,2,2,0
2030-04-03,2030,4,3,3,0
2030-04-04,2030,4,4,4,0
2030-04-05,2030,4,5,5,0
2030-04-06,2030,4,6,6,1
2030-04-07,2030,4,7,7,1
2030-04-08,2030,4,8,1,0
2030-04-09,2030,4,9,2,0
2030-04-10,2030,4,10,3,0
2030-04-11,2030,4,11,4,0
2030-04-12,2030,4,12,5,0
2030-04-13,2030,4,13,6,1
2030-04-14,2030,4,14,7,1
2030-04-15,2030,4,15,1,0
2030-04-16,2030,4,16,2,0
2030-04-17,2030,4,17,3,0
2030-04-18,2030,4,18,4,0
2030-04-19,2030,4,19,5,0
2030-04-20,2030,4,20,6,1
2030-04-21,2030,4,21,7,1
2030-04-22,2030,4,22,1,0
2030-04-23,2030,4,23,2,0
2030-04-24,2030,4,24,3,0
2030-04-25,2030,4,25,4,0
2030-04-26,2030,4,26,5,0
2030-04-27,2030,4,27,6,1
2030-04-28,2030,4,28,7,1
2030-04-29,2030,4,29,1,0
2030-04-30,2030,4,30,2,0
2030-05-01,2030,5,1,3,0
2030-05-02,2030,5,2,4,0
2030-05-03,2030,5,3,5,0
2030-05-04,2030,5,4,6,1
2030-05-05,2030,5,5,7,1
2030-05-06,2030,5,6,1,0
2030-05-07,2030,5,7,2,0
2030-05-08,2030,5,8,3,0
2030-05-09,2030,5,9,4,0
2030-05-10,2030,5,10,5,0
2030-05-11,2030,5,11,6,1
2030-05-12,2030,5,12,7,1
2030-05-13,2030,5,13,1,0
2030-05-14,2030,5,14,2,0
2030-05-15,2030,5,15,3,0
2030-05-16,2030,5,16,4,0
2030-05-17,2030,5,17,5,0
2030-05-18,2030,5,18,6,1
2030-05-19,2030,5,19,7,1
2030-05-20,2030,5,20,1,0
2030-05-21,2030,5,21,2,0
2030-05-22,2030,5,22,3,0
2030-05-23,2030,5,23,4,0
2030-05-24,2030,5,24,5,0
2030-05-25,2030,5,25,6,1
2030-05-26,2030,5,26,7,1
2030-05-27,2030,5,27,1,0
2030-05-28,2030,5,28,2,0
2030-05-29,2030,5,29,3,0
2030-05-30,2030,5,30,4,0
2030-05-31,2030,5,31,5,0
2030-06-01,2030,6,1,6,1
2030-06-02,2030,6,2,7,1
2030-06-03,2030,6,3,1,0
2030-06-04,2030,6,4,2,0
2030-06-05,2030,6,5,3,0
2030-06-06,2030,6,6,4,0
2030-06-07,2030,6,7,5,0
2030-06-08,2030,6,8,6,1
2030-06-09,2030,6,9,7,1
2030-06-10,2030,6,10,1,0
2030-06-11,2030,6,11,2,0
2030-06-12,2030,6,12,3,0
2030-06-13,2030,6,13,4,0
2030-06-14,2030,6,14,5,0
2030-06-15,2030,6,15,6,1
2030-06-16,2030,6,16,7,1
2030-06-17,2030,6,17,1,0
2030-06-18,2030,6,18,2,0
2030-06-19,2030,6,19,3,0
2030-06-20,2030,6,20,4,0
2030-06-21,2030,6,21,5,0
2030-06-22,2030,6,22,6,1
2030-06-23,2030,6,23,7,1
2030-06-24,2030,6,24,1,0
2030-06-25,2030,6,25,2,0
2030-06-26,2030,6,26,3,0
2030-06-27,2030,6,27,4,0
2030-06-28,2030,6,28,5,0
2030-06-29,2030,6,29,6,1
2030-06-30,2030,6,30,7,1
2030-07-01,2030,7,1,1,0
2030-07-02,2030,7,2,2,0
2030-07-03,2030,7,3,3,0
2030-07-04,2030,7,4,4,0
2030-07-05,2030,7,5,5,0
2030-07-06,2030,7,6,6,1
2030-07-07,2030,7,7,7,1
2030-07-08,2030,7,8,1,0
2030-07-09,2030,7,9,2,0
2030-07-10,2030,7,10,3,0
2030-07-11,2030,7,11,4,0
2030-07-12,2030,7,12,5,0
2030-07-13,2030,7,13,6,1
2030-07-14,2030,7,14,7,1
2030-07-15,2030,7,15,1,0
2030-07-16,2030,7,16,2,0
2030-07-17,2030,7,17,3,0
2030-07-18,2030,7,18,4,0
2030-07-19,2030,7,19,5,0
2030-07-20,2030,7,20,6,1
2030-07-21,2030,7,21,7,1
2030-07-22,2030,7,22,1,0
2030-07-23,2030,7,23,2,0
2030-07-24,2030,7,24,3,0
2030-07-25,2030,7,25,4,0
2030-07-26,2030,7,26,5,0
2030-07-27,2030,7,27,6,1
2030-07-28,2030,7,28,7,1
2030-07-29,2030,7,29,1,0
2030-07-30,2030,7,30,2,0
2030-07-31,2030,7,31,3,0
2030-08-01,2030,8,1,4,0
2030-08-02,2030,8,2,5,0
2030-08-03,2030,8,3,6,1
2030-08-04,2030,8,4,7,1
2030-08-05,2030,8,5,1,0
2030-08-06,2030,8,6,2,0
2030-08-07,2030,8,7,3,0
2030-08-08,2030,8,8,4,0
2030-08-09,2030,8,9,5,0
2030-08-10,2030,8,10,6,1
2030-08-11,2030,8,11,7,1
2030-08-12,2030,8,12,1,0
2030-08-13,2030,8,13,2,0
2030-08-14,2030,8,14,3,0
2030-08-15,2030,8,15,4,0
2030-08-16,2030,8,16,5,0
2030-08-17,2030,8,17,6,1
2030-08-18,2030,8,18,7,1
2030-08-19,2030,8,19,1,0
2030-08-20,2030,8,20,2,0
2030-08-21,2030,8,21,3,0
2030-08-22,2030,8,22,4,0
2030-08-23,2030,8,23,5,0
2030-08-24,2030,8,24,6,1
2030-08-25,2030,8,25,7,1
2030-08-26,2030,8,26,1,0
2030-08-27,2030,8,27,2,0
2030-08-28,2030,8,28,3,0
2030-08-29,2030,8,29,4,0
2030-08-30,2030,8,30,5,0
2030-08-31,2030,8,31,6,1
2030-09-01,2030,9,1,7,1
2030-09-02,2030,9,2,1,0
2030-09-03,2030,9,3,2,0
2030-09-04,2030,9,4,3,0
2030-09-05,2030,9,5,4,0
2030-09-06,2030,9,6,5,0
2030-09-07,2030,9,7,6,1
2030-09-08,2030,9,8,7,1
2030-09-09,2030,9,9,1,0
2030-09-10,2030,9,10,2,0
2030-09-11,2030,9,11,3,0
2030-09-12,2030,9,12,4,0
2030-09-13,2030,9,13,5,0
2030-09-14,2030,9,14,6,1
2030-09-15,2030,9,15,7,1
2030-09-16,2030,9,16,1,0
2030-09-17,2030,9,17,2,0
2030-09-18,2030,9,18,3,0
2030-09-19,2030,9,19,4,0
2030-09-20,2030,9,20,5,0
2030-09-21,2030,9,21,6,1
2030-09-22,2030,9,22,7,1
2030-09-23,2030,9,23,1,0
2030-09-24,2030,9,24,2,0
2030-09-25,2030,9,25,3,0
2030-09-26,2030,9,26,4,0
2030-09-27,2030,9,27,5,0
2030-09-28,2030,9,28,6,1
2030-09-29,2030,9,29,7,1
2030-09-30,2030,9,30,1,0
2030-10-01,2030,10,1,2,0
2030-10-02,2030,10,2,3,0
2030-10-03,2030,10,3,4,0
2030-10-04,2030,10,4,5,0
2030-10-05,2030,10,5,6,1
2030-10-06,2030,10,6,7,1
2030-10-07,2030,10,7,1,0
2030-10-08,2030,10,8,2,0
2030-10-09,2030,10,9,3,0
2030-10-10,2030,10,10,4,0
2030-10-11,2030,10,11,5,0
2030-10-12,2030,10,12,6,1
2030-10-13,2030,10,13,7,1
2030-10-14,2030,10,14,1,0
2030-10-15,2030,10,15,2,0
2030-10-16,2030,10,16,3,0
2030-10-17,2030,10,17,4,0
2030-10-18,2030,10,18,5,0
2030-10-19,2030,10,19,6,1
2030-10-20,2030,10,20,7,1
2030-10-21,2030,10,21,1,0
2030-10-22,2030,10,22,2,0
2030-10-23,2030,10,23,3,0
2030-10-24,2030,10,24,4,0
2030-10-25,2030,10,25,5,0
2030-10-26,2030,10,26,6,1
2030-10-27,2030,10,27,7,1
2030-10-28,2030,10,28,1,0
2030-10-29,2030,10,29,2,0
2030-10-30,2030,10,30,3,0
2030-10-31,2030,10,31,4,0
2030-11-01,2030,11,1,5,0
2030-11-02,2030,11,2,6,1
2030-11-03,2030,11,3,7,1
2030-11-04,2030,11,4,1,0
2030-11-05,2030,11,5,2,0
2030-11-06,2030,11,6,3,0
2030-11-07,2030,11,7,4,0
2030-11-08,2030,11,8,5,0
2030-11-09,2030,11,9,6,1
2030-11-10,2030,11,10,7,1
2030-11-11,2030,11,11,1,0
2030-11-12,2030,11,12,2,0
2030-11-13,2030,11,13,3,0
2030-11-14,2030,11,14,4,0
2030-11-15,2030,11,15,5,0
2030-11-16,2030,11,16,6,1
2030-11-17,2030,11,17,7,1
2030-11-18,2030,11,18,1,0
2030-11-19,2030,11,19,2,0
2030-11-20,2030,11,20,3,0
2030-11-21,2030,11,21,4,0
2030-11-22,2030,11,22,5,0
2030-11-23,2030,11,23,6,1
2030-11-24,2030,11,24,7,1
2030-11-25,2030,11,25,1,0
2030-11-26,2030,11,26,2,0
2030-11-27,2030,11,27,3,0
2030-11-28,2030,11,28,4,0
2030-11-29,2030,11,29,5,0
2030-11-30,2030,11,30,6,1
2030-12-01,2030,12,1,7,1
2030-12-02,2030,12,2,1,0
2030-12-03,2030,12,3,2,0
2030-12-04,2030,12,4,3,0
2030-12-05,2030,12,5,4,0
2030-12-06,2030,12,6,5,0
2030-12-07,2030,12,7,6,1
2030-12-08,2030,12,8,7,1
2030-12-09,2030,12,9,1,0
2030-12-10,2030,12,10,2,0
2030-12-11,2030,12,11,3,0
2030-12-12,2030,12,12,4,0
2030-12-13,2030,12,13,5,0
2030-12-14,2030,12,14,6,1
2030-12-15,2030,12,15,7,1
2030-12-16,2030,12,16,1,0
2030-12-17,2030,12,17,2,0
2030-12-18,2030,12,18,3,0
2030-12-19,2030,12,19,4,0
2030-12-20,2030,12,20,5,0
2030-12-21,2030,12,21,6,1
2030-12-22,2030,12,22,7,1
2030-12-23,2030,12,23,1,0
2030-12-24,2030,12,24,2,0
2030-12-25,2030,12,25,3,0
2030-12-26,2030,12,26,4,0
2030-12-27,2030,12,27,5,0
2030-12-28,2030,12,28,6,1
2030-12-29,2030,12,29,7,1
2030-12-30,2030,12,30,1,0
2030-12-31,2030,12,31,2,0
